smesg,smed,ensembl_transcript_id,ensembl_gene_id,ensembl_peptide_id,gene_symbol,uniprot_gn_symbol,gene_symbol_all,gene_symbol_all_unique,smesg_tf,Score
SMESG000070822,SMED30013648,nan,nan,nan,SMED30013648,SMED30013648,SMED30013648,SMED30013648,SMESG000070822,0.303709248169647
SMESG000040171,SMED30005691,ENST00000219797,ENSG00000103510,ENSP00000219797,KAT8,KAT8,KAT8,KAT8,SMESG000040171,0.249405851990208
SMESG000019132,SMED30004700,ENST00000373833,ENSG00000180198,ENSP00000362939,RCC1,RCC1,RCC1,RCC1,SMESG000019132,0.229789345847708
SMESG000081615,SMED30005666,ENST00000377843,ENSG00000113712,ENSP00000367074,CSNK1A1,CSNK1A1,CSNK1A1,CSNK1A1,SMESG000081615,0.229778043594657
SMESG000075225,SMED30002676,ENST00000311936,ENSG00000133703,ENSP00000308495,KRAS,KRAS,KRAS,KRAS,SMESG000075225,0.229767154792725
SMESG000010938,SMED30019511,ENST00000369983,ENSG00000107862,ENSP00000359000,GBF1,GBF1,GBF1,GBF1,SMESG000010938,0.229758074181873
SMESG000004973,SMED30013873,ENST00000517764,ENSG00000164951,ENSP00000430380,PDP1,PDP1,PDP1,PDP1,SMESG000004973,0.227124701073342
SMESG000032619,SMED30002500,ENST00000531618,ENSG00000176009,ENSP00000435770,ASCL3,nan,"ascl-2 protein, partial","ascl-2 protein, partial",SMESG000032619,0.22053059734799
SMESG000010012,SMED30032477,ENST00000224073,ENSG00000107223,ENSP00000224073,EDF1,EDF1,EDF1,EDF1,SMESG000010012,0.194744014032452
SMESG000033653,SMED30007797,ENST00000446916,ENSG00000088812,ENSP00000416587,ATRN,ATRN,ATRN,ATRN,SMESG000033653,0.163621027432032
SMESG000011108,SMED30023226,nan,nan,nan,SMED30023226,SMED30023226,SMED30023226,SMED30023226,SMESG000011108,0.152891497550276
SMESG000075065,SMED30014919,ENST00000618515,ENSG00000131437,ENSP00000483023,KIF3A,KIF3A,KIF3A-like protein,KIF3A-like protein,SMESG000075065,0.151842903768088
SMESG000010006,SMED30025281,nan,nan,nan,SMED30025281,SMED30025281,SMED30025281,SMED30025281,SMESG000010006,0.14599233808006
SMESG000075874,SMED30015856,ENST00000542507,ENSG00000198492,ENSP00000444660,YTHDF2,YTHDF2,YTHDF2,YTHDF2,SMESG000075874,0.141973428130748
SMESG000028957,SMED30001182,ENST00000292114,ENSG00000244045,ENSP00000292114,TMEM199,TMEM199,TMEM199,TMEM199,SMESG000028957,0.139494260535032
SMESG000034761,SMED30007571,ENST00000511437,ENSG00000150756,ENSP00000422338,ATPSCKMT,ATPSCKMT,ATPSCKMT,ATPSCKMT,SMESG000034761,0.134951151962362
SMESG000000695,SMED30028492,nan,nan,nan,SMED30028492,SMED30028492,SMED30028492,SMED30028492,SMESG000000695,0.128366837938223
SMESG000066726,SMED30009322,ENST00000295066,ENSG00000162961,ENSP00000295066,DPY30,DPY30,DPY30,DPY30,SMESG000066726,0.121531761177665
SMESG000034009,SMED30031644,ENST00000477624,ENSG00000232112,nan,TMA7,TMA7,TMA7,TMA7,SMESG000034009,0.120138407933392
SMESG000013814,SMED30016977,nan,nan,nan,SMED30016977,SMED30016977,SMED30016977,SMED30016977,SMESG000013814,0.118939258322122
SMESG000042567,SMED30008362,ENST00000261537,ENSG00000101752,ENSP00000261537,MIB1,MIB1,MIB1,MIB1-10,SMESG000042567,0.118873634698009
SMESG000001975,SMED30031688,ENST00000260129,ENSG00000137574,ENSP00000260129,TGS1,TGS1,TGS1,TGS1,SMESG000001975,0.115757251125262
SMESG000028457,SMED30001383,ENST00000523821,ENSG00000156469,ENSP00000429400,MTERF3,MTERF3,MTERF3,MTERF3-1,SMESG000028457,0.106899012731802
SMESG000045847,SMED30030345,ENST00000263736,ENSG00000068784,ENSP00000263736,SRBD1,SRBD1,SRBD1,SRBD1,SMESG000045847,0.102075810621235
SMESG000001388,SMED30029772,ENST00000417807,ENSG00000105341,ENSP00000403910,DMAC2,DMAC2,DMAC2,DMAC2,SMESG000001388,0.0972537375036668
SMESG000065043,SMED30016965,nan,nan,nan,SMED30016965,SMED30016965,SMED30016965,SMED30016965,SMESG000065043,0.0933495388508872
SMESG000013725,SMED30023404,nan,nan,nan,SMED30023404,SMED30023404,SMED30023404,SMED30023404,SMESG000013725,0.092661882142867
SMESG000000489,SMED30025110,ENST00000388752,ENSG00000112651,ENSP00000373404,MRPL2,MRPL2,MRPL2,MRPL2,SMESG000000489,0.0918593988378443
SMESG000079240,SMED30000539,ENST00000395603,ENSG00000085224,ENSP00000378967,ATRX,ATRX,ATRX,ATRX,SMESG000079240,0.0917304685466545
SMESG000030960,SMED30024632,ENST00000307221,ENSG00000172404,ENSP00000307197,DNAJB7,DNAJB7,DNAJB7,DNAJB7,SMESG000030960,0.0885019843419853
SMESG000013972,SMED30006723,ENST00000366553,ENSG00000203668,ENSP00000355511,CHML,CHML,CHML,CHML,SMESG000013972,0.0877748435203811
SMESG000077295,SMED30018262,nan,nan,nan,SMED30018262,SMED30018262,SMED30018262,SMED30018262,SMESG000077295,0.0876457924588577
SMESG000037334,SMED30031050,ENST00000286713,ENSG00000148175,ENSP00000286713,STOM,STOM,STOM,STOM-5,SMESG000037334,0.0864737441125916
SMESG000002981,SMED30026997,ENST00000382580,ENSG00000183765,ENSP00000372023,CHEK2,CHEK2,CHEK2,CHEK2,SMESG000002981,0.0854710815832832
SMESG000009339,SMED30015093,nan,nan,nan,SMED30015093,SMED30015093,SMED30015093,SMED30015093,SMESG000009339,0.0843421935250186
SMESG000075112,SMED30021438,nan,nan,nan,SMED30021438,SMED30021438,SMED30021438,SMED30021438,SMESG000075112,0.0833926665762299
SMESG000016538,SMED30022522,ENST00000283122,ENSG00000153140,ENSP00000283122,CETN3,CETN3,CETN3,CETN3,SMESG000016538,0.08224128221811
SMESG000044281,SMED30033425,nan,nan,nan,SMED30033425,SMED30033425,SMED30033425,SMED30033425,SMESG000044281,0.0812158988666698
SMESG000021611,SMED30031885,ENST00000618156,ENSG00000184203,ENSP00000484580,PPP1R2,PPP1R2,PPP1R2,PPP1R2,SMESG000021611,0.0811233441400886
SMESG000068172,SMED30008321,nan,nan,nan,SMED30008321,SMED30008321,SMED30008321,SMED30008321,SMESG000068172,0.0798518577799884
SMESG000062657,SMED30028985,nan,nan,nan,SMED30028985,SMED30028985,SMED30028985,SMED30028985,SMESG000062657,0.0795296201446149
SMESG000053465,SMED30032811,ENST00000544612,ENSG00000168876,ENSP00000440396,ANKRD49,ANKRD49,ANKRD49,ANKRD49,SMESG000053465,0.0782329889410835
SMESG000046155,SMED30001529,ENST00000632796,ENSG00000274081,ENSP00000488435,PUF60,PUF60,PUF60,PUF60,SMESG000046155,0.0780098424237289
SMESG000041590,SMED30001507,nan,nan,nan,SMED30001507,SMED30001507,SMED30001507,SMED30001507,SMESG000041590,0.0779255286826408
SMESG000061866,SMED30033346,ENST00000284719,ENSG00000138430,ENSP00000284719,OLA1,OLA1,OLA1,OLA1,SMESG000061866,0.0769227907780057
SMESG000058651,SMED30023678,ENST00000556611,ENSG00000100852,ENSP00000452222,ARHGAP5,ARHGAP5,ARHGAP5,ARHGAP5,SMESG000058651,0.0743624138283435
SMESG000001953,SMED30032727,ENST00000623280,ENSG00000185728,ENSP00000485046,YTHDF3,YTHDF3,YTHDF3,YTHDF3,SMESG000001953,0.0734568025898821
SMESG000053846,SMED30030825,ENST00000497842,ENSG00000011295,nan,TTC19,TTC19,TTC19,TTC19,SMESG000053846,0.0733417120940805
SMESG000000023,SMED30003994,nan,nan,nan,SMED30003994,SMED30003994,SMED30003994,SMED30003994,SMESG000000023,0.0729068148292856
SMESG000071310,SMED30015547,nan,nan,nan,SMED30015547,SMED30015547,SMED30015547,SMED30015547,SMESG000071310,0.0724249461273199
SMESG000060458,SMED30033651,ENSMUST00000224203,ENSMUSG00000021374,ENSMUSP00000153686,Nup153,Nup153,Nup153,Nup153,SMESG000060458,0.0704352606489283
SMESG000064311,SMED30006108,ENST00000265709,ENSG00000029534,ENSP00000265709,ANK1,ANK1,ANK1,ANK1-13,SMESG000064311,0.0689755569308803
SMESG000043575,SMED30023483,nan,nan,nan,SMED30023483,SMED30023483,INX-13,INX-13,SMESG000043575,0.068928341165025
SMESG000013953,SMED30028293,ENST00000306434,ENSG00000168906,ENSP00000303147,MAT2A,MAT2A,MAT2A,MAT2A-2,SMESG000013953,0.0675000178212125
SMESG000071247,SMED30013860,ENST00000495167,ENSG00000179277,nan,MEIS3P1,nan,"homeobox protein meis-like protein, partial","homeobox protein meis-like protein, partial",SMESG000071247,0.0671377093901159
SMESG000064674,SMED30029624,ENST00000360384,ENSG00000165119,ENSP00000353552,HNRNPK,HNRNPK,HNRNPK,HNRNPK,SMESG000064674,0.0665257259581258
SMESG000021147,SMED30018477,ENST00000376113,ENSG00000136717,ENSP00000365281,BIN1,BIN1,BIN1,BIN1,SMESG000021147,0.0663886026552084
SMESG000032688,SMED30007420,nan,nan,nan,SMED30007420,SMED30007420,hypothetical protein,hypothetical protein-5,SMESG000032688,0.0663343197101866
SMESG000059578,SMED30032854,ENST00000222553,ENSG00000105835,ENSP00000222553,NAMPT,NAMPT,NAMPT,NAMPT,SMESG000059578,0.0644567823176
SMESG000007053,SMED30022242,ENST00000645526,ENSG00000180488,ENSP00000494964,MIGA1,MIGA1,MIGA1,MIGA1,SMESG000007053,0.0636379637589746
SMESG000059684,SMED30034229,ENST00000271764,ENSG00000143486,ENSP00000271764,EIF2D,EIF2D,EIF2D,EIF2D,SMESG000059684,0.0631401121003756
SMESG000028756,SMED30025447,ENST00000378572,ENSG00000165630,ENSP00000367835,PRPF18,PRPF18,PRPF18,PRPF18,SMESG000028756,0.0614074980490565
SMESG000026073,SMED30030278,ENST00000427522,ENSG00000130589,ENSP00000393257,HELZ2,HELZ2,HELZ2,HELZ2-1,SMESG000026073,0.0603140975359617
SMESG000077455,SMED30024194,ENST00000463233,ENSG00000170638,nan,TRABD,TRABD,TRABD,TRABD,SMESG000077455,0.060225082694539
SMESG000003363,SMED30026474,ENST00000296088,ENSG00000163788,ENSP00000296088,SNRK,SNRK,SNRK,SNRK,SMESG000003363,0.0597316634359109
SMESG000043329,SMED30009943,nan,nan,nan,SMED30009943,SMED30009943,SMED30009943,SMED30009943,SMESG000043329,0.0592731727165696
SMESG000061196,SMED30029438,ENST00000256497,ENSG00000134109,ENSP00000256497,EDEM1,EDEM1,EDEM1,EDEM1,SMESG000061196,0.0585306312373968
SMESG000068149,SMED30024569,nan,nan,nan,SMED30024569,nan,SMED30024569,SMED30024569,SMESG000068149,0.0583229725989655
SMESG000021734,SMED30016627,ENST00000522894,ENSG00000155100,ENSP00000428528,OTUD6B,OTUD6B,OTUD6B,OTUD6B,SMESG000021734,0.0562344874100901
SMESG000046252,SMED30003416,nan,nan,nan,SMED30003416,SMED30003416,SMED30003416,SMED30003416,SMESG000046252,0.055923118279482
SMESG000035932,SMED30017569,ENST00000265965,ENSG00000129158,ENSP00000265965,SERGEF,SERGEF,SERGEF,SERGEF,SMESG000035932,0.0550063722358946
SMESG000016950,SMED30009440,ENST00000541352,ENSG00000100697,ENSP00000444719,DICER1,DICER1,DICER1,DICER1-3,SMESG000016950,0.0544884625450992
SMESG000022871,SMED30022776,ENST00000529970,ENSG00000196914,nan,ARHGEF12,ARHGEF12,ARHGEF12,ARHGEF12,SMESG000022871,0.0543100125036209
SMESG000017018,SMED30014686,nan,nan,nan,SMED30014686,SMED30014686,SMED30014686,SMED30014686,SMESG000017018,0.0542666240606845
SMESG000015492,SMED30013594,ENST00000467199,ENSG00000122687,nan,MRM2,MRM2,MRM2,MRM2,SMESG000015492,0.0538408192742073
SMESG000059382,SMED30000115,nan,nan,nan,SMED30000115,SMED30000115,SMED30000115,SMED30000115,SMESG000059382,0.0536963543454029
SMESG000033649,SMED30027780,ENST00000357122,ENSG00000008294,ENSP00000349636,SPAG9,SPAG9,SPAG9,SPAG9-1,SMESG000033649,0.0528396095912229
SMESG000051649,SMED30019993,nan,nan,nan,SMED30019993,SMED30019993,SMED30019993,SMED30019993,SMESG000051649,0.0513952715697955
SMESG000055910,SMED30005278,ENST00000645348,ENSG00000109323,ENSP00000495363,MANBA,MANBA,MANBA,MANBA,SMESG000055910,0.051180330985846
SMESG000079975,SMED30014777,ENST00000367549,ENSG00000135829,ENSP00000356520,DHX9,DHX9,DHX9,DHX9,SMESG000079975,0.0504475493041094
SMESG000081365,SMED30012430,ENST00000409301,ENSG00000105778,ENSP00000387011,AVL9,AVL9,AVL9,AVL9,SMESG000081365,0.0504014506005014
SMESG000028266,SMED30006672,ENST00000480842,ENSG00000112110,nan,MRPL18,MRPL18,MRPL18,MRPL18,SMESG000028266,0.0495532762622242
SMESG000069576,SMED30004943,ENST00000564754,ENSG00000103994,ENSP00000456845,ZNF106,ZNF106,ZNF106,ZNF106-1,SMESG000069576,0.0493527622938547
SMESG000066314,SMED30033166,ENST00000449825,ENSG00000177830,ENSP00000391255,CHID1,CHID1,CHID1,CHID1,SMESG000066314,0.0482995380403518
SMESG000071009,SMED30002846,ENST00000356401,ENSG00000177479,ENSP00000348769,ARIH2,ARIH2,ARIH2,ARIH2,SMESG000071009,0.0467253589677357
SMESG000002897,SMED30028865,ENST00000426538,ENSG00000181938,ENSP00000401018,GINS3,GINS3,GINS3,GINS3,SMESG000002897,0.0466059172772629
SMESG000019910,SMED30012406,ENST00000393445,ENSG00000135945,ENSP00000377091,REV1,REV1,REV1,REV1,SMESG000019910,0.046513275420844
SMESG000061926,SMED30016021,ENST00000301280,ENSG00000167670,ENSP00000301280,CHAF1A,CHAF1A,CHAF1A,CHAF1A,SMESG000061926,0.0458003822594038
SMESG000010762,SMED30018834,ENST00000302558,ENSG00000169629,ENSP00000306637,RGPD8,RGPD8,RGPD8,RGPD8,SMESG000010762,0.0455544695476712
SMESG000021287,SMED30033515,ENST00000322244,ENSG00000033178,ENSP00000313454,UBA6,UBE1L2,UBA6,UBA6,SMESG000021287,0.0453159589559414
SMESG000063589,SMED30008931,ENST00000543491,ENSG00000169851,ENSP00000441802,PCDH7,PCDH7,PCDH7,PCDH7-2,SMESG000063589,0.0446215556021107
SMESG000005637,SMED30018697,ENST00000649849,ENSG00000148843,ENSP00000498205,PDCD11,PDCD11,PDCD11,PDCD11,SMESG000005637,0.044093514717141
SMESG000080319,SMED30028682,nan,nan,nan,SMED30028682,SMED30028682,SMED30028682,SMED30028682,SMESG000080319,0.0438200515833823
SMESG000015686,SMED30008876,nan,nan,nan,SMED30008876,SMED30008876,SMED30008876,SMED30008876,SMESG000015686,0.0432476522722849
SMESG000044603,SMED30000756,ENST00000455089,ENSG00000146648,ENSP00000415559,EGFR,EGFR,epidermal growth factor receptor Smed-egfr-5,epidermal growth factor receptor Smed-egfr-5,SMESG000044603,0.043067648881426
SMESG000022967,SMED30026441,ENST00000664837,ENSG00000198690,ENSP00000499780,FAN1,FAN1,FAN1,FAN1,SMESG000022967,0.0430100603013613
SMESG000038985,SMED30016386,ENST00000506123,ENSG00000164294,nan,GPX8,GPX8,GPX8,GPX8,SMESG000038985,0.0429796222061211
SMESG000012441,SMED30026144,nan,nan,nan,SMED30026144,SMED30026144,SMED30026144,SMED30026144,SMESG000012441,0.0422192110721874
SMESG000030853,SMED30028056,ENST00000369282,ENSG00000095627,ENSP00000358288,TDRD1,TDRD1,"tudor-1, partial","tudor-1, partial",SMESG000030853,0.0422003641329073
SMESG000026747,SMED30031203,ENST00000258281,ENSG00000135801,ENSP00000258281,TAF5L,TAF5L,TAF5L,TAF5L,SMESG000026747,0.0412880821415334
SMESG000039095,SMED30020987,ENST00000543973,ENSG00000168539,ENSP00000441188,CHRM1,CHRM1,GCR010,GCR010,SMESG000039095,0.0407569913218416
SMESG000012217,SMED30020017,nan,nan,nan,SMED30020017,SMED30020017,SMED30020017,SMED30020017,SMESG000012217,0.0406088797875584
SMESG000016770,SMED30027433,ENST00000274811,ENSG00000146083,ENSP00000274811,RNF44,RNF44,RNF44,RNF44,SMESG000016770,0.0403499889564397
SMESG000079516,SMED30032324,nan,nan,nan,SMED30032324,SMED30032324,SMED30032324,SMED30032324,SMESG000079516,0.0393702334516781
SMESG000057252,SMED30000258,ENST00000647814,ENSG00000023839,ENSP00000497274,ABCC2,ABCC2,ABCC2,ABCC2,SMESG000057252,0.0390783123596851
SMESG000049881,SMED30025404,ENST00000667261,ENSG00000170892,ENSP00000499595,TSEN34,TSEN34,TSEN34,TSEN34,SMESG000049881,0.0388381389589936
SMESG000007031,SMED30026455,ENST00000587091,ENSG00000147100,ENSP00000465734,SLC16A2,SLC16A2,SLC16A2,SLC16A2,SMESG000007031,0.0381615271235093
SMESG000069590,SMED30027907,ENST00000366812,ENSG00000182827,ENSP00000355777,ACBD3,ACBD3,ACBD3,ACBD3-1,SMESG000069590,0.0381421429965277
SMESG000026488,SMED30000664,ENST00000360843,ENSG00000198586,ENSP00000354089,TLK1,TLK1,TLK1,TLK1,SMESG000026488,0.0380497483587063
SMESG000066519,SMED30013955,ENST00000414212,ENSG00000118965,ENSP00000390802,WDR35,WDR35,WDR35,WDR35,SMESG000066519,0.0378506774033138
SMESG000044274,SMED30029911,nan,nan,nan,SMED30029911,nan,SMED30029911,SMED30029911,SMESG000044274,0.0377158343074999
SMESG000041494,SMED30021477,ENST00000295500,ENSG00000163328,ENSP00000295500,GPR155,GPR155,GPR155,GPR155,SMESG000041494,0.0376116305102737
SMESG000030567,SMED30013422,nan,nan,nan,SMED30013422,SMED30013422,SMED30013422,SMED30013422,SMESG000030567,0.0369148464585262
SMESG000031845,SMED30032819,ENST00000400907,ENSG00000142599,ENSP00000383699,RERE,RERE,RERE,RERE,SMESG000031845,0.0368164025678159
SMESG000081020,SMED30033712,nan,nan,nan,SMED30033712,SMED30033712,SMED30033712,SMED30033712,SMESG000081020,0.0362466728161167
SMESG000028888,SMED30006401,ENST00000460320,ENSG00000167112,nan,TRUB2,TRUB2,TRUB2,TRUB2,SMESG000028888,0.0355239507658428
SMESG000067417,SMED30024416,ENST00000411769,ENSG00000099942,ENSP00000396646,CRKL,CRKL,CRKL,CRKL,SMESG000067417,0.0353244787723726
SMESG000067685,SMED30032303,nan,nan,nan,SMED30032303,SMED30032303,SMED30032303,SMED30032303,SMESG000067685,0.0340541203598777
SMESG000017064,SMED30015878,ENST00000457008,ENSG00000134398,ENSP00000413812,ERN2,ERN2,ERN2,ERN2,SMESG000017064,0.0340335991121685
SMESG000070013,SMED30029223,ENST00000320033,ENSG00000175906,ENSP00000322628,ARL4D,ARL4D,ARL4D,ARL4D,SMESG000070013,0.0331228729562363
SMESG000033951,SMED30009115,ENST00000482253,ENSG00000117569,ENSP00000501971,PTBP2,PTBP2,PTBP2,PTBP2-1,SMESG000033951,0.0327317922413322
SMESG000081975,SMED30017860,ENST00000397353,ENSG00000063854,ENSP00000380511,HAGH,HAGH,HAGH,HAGH-1,SMESG000081975,0.0324022755502316
SMESG000080697,SMED30021032,ENST00000261574,ENSG00000065150,ENSP00000261574,IPO5,IPO5,IPO5,IPO5-1,SMESG000080697,0.0321869011343458
SMESG000019894,SMED30014231,nan,nan,nan,SMED30014231,SMED30014231,SMED30014231,SMED30014231,SMESG000019894,0.0320733205944877
SMESG000037713,SMED30003045,ENST00000559238,ENSG00000104129,ENSP00000453354,DNAJC17,DNAJC17,DNAJC17,DNAJC17,SMESG000037713,0.0319481568274567
SMESG000051442,SMED30018250,ENST00000263073,ENSG00000070366,ENSP00000263073,SMG6,SMG6,SMG6,SMG6,SMESG000051442,0.031830493390412
SMESG000059911,SMED30035842,ENST00000265107,ENSG00000082068,ENSP00000265107,WDR70,WDR70,WDR70,WDR70,SMESG000059911,0.0316378138270566
SMESG000040239,SMED30003503,ENST00000342435,ENSG00000188313,ENSP00000345494,PLSCR1,PLSCR1,PLSCR1,PLSCR1,SMESG000040239,0.0315295177992751
SMESG000066118,SMED30016652,ENST00000306739,ENSG00000169696,ENSP00000302176,ASPSCR1,ASPSCR1,ASPSCR1,ASPSCR1,SMESG000066118,0.031447699810718
SMESG000050382,SMED30035187,ENST00000378775,ENSG00000205105,nan,COX17P1,nan,COX17P1,COX17P1,SMESG000050382,0.0313483750702644
SMESG000022966,SMED30000866,ENST00000272438,ENSG00000144043,ENSP00000272438,TEX261,TEX261,TEX261,TEX261,SMESG000022966,0.0311463594628308
SMESG000004938,SMED30016722,ENST00000338883,ENSG00000180815,ENSP00000345629,MAP3K15,MAP3K15,MAP3K15,MAP3K15,SMESG000004938,0.0304911062159519
SMESG000007225,SMED30013416,ENST00000493278,ENSG00000128595,ENSP00000417973,CALU,CALU,CALU,CALU-1,SMESG000007225,0.0301529706702188
SMESG000034885,SMED30006557,nan,nan,nan,SMED30006557,SMED30006557,SMED30006557,SMED30006557,SMESG000034885,0.0298031059174551
SMESG000078045,SMED30014362,ENST00000430046,ENSG00000157107,ENSP00000393776,FCHO2,FCHO2,FCHO2,FCHO2,SMESG000078045,0.0297225790322765
SMESG000051298,SMED30033967,ENST00000210060,ENSG00000095059,ENSP00000210060,DHPS,DHPS,DHPS,DHPS,SMESG000051298,0.0295673449390604
SMESG000009451,SMED30030917,nan,nan,nan,SMED30030917,SMED30030917,SMED30030917,SMED30030917,SMESG000009451,0.0294428963355289
SMESG000051959,SMED30012540,ENST00000644539,ENSG00000285049,ENSP00000495020,CPSF1,CPSF1,CPSF1,CPSF1,SMESG000051959,0.0290261018591544
SMESG000043431,SMED30031539,ENST00000535373,ENSG00000115947,ENSP00000441953,ORC4,ORC4,ORC4,ORC4,SMESG000043431,0.0289651455064612
SMESG000047591,SMED30011069,ENST00000523609,ENSG00000123908,ENSP00000430164,AGO2,AGO2,AGO-2,AGO-2,SMESG000047591,0.0287018274618493
SMESG000027962,SMED30021037,ENST00000402458,ENSG00000100138,ENSP00000383989,SNU13,NHP2L1,SNU13,SNU13,SMESG000027962,0.0280593476269836
SMESG000061518,SMED30025250,ENST00000407315,ENSG00000176946,ENSP00000385006,THAP4,THAP4,THAP4,THAP4,SMESG000061518,0.0272499543131271
SMESG000030619,SMED30017223,ENST00000321437,ENSG00000166128,ENSP00000312734,RAB8B,RAB8B,RAB8B,RAB8B,SMESG000030619,0.0269011298307036
SMESG000080711,SMED30027920,ENST00000227378,ENSG00000109971,ENSP00000227378,HSPA8,HSPA8,HSPA8,HSPA8-1,SMESG000080711,0.0266624525969103
SMESG000043534,SMED30032032,nan,nan,nan,SMED30032032,SMED30032032,SMED30032032,SMED30032032,SMESG000043534,0.0266497984525131
SMESG000033675,SMED30019172,nan,nan,nan,SMED30019172,SMED30019172,SMED30019172,SMED30019172,SMESG000033675,0.0265523207297238
SMESG000027320,SMED30021205,nan,nan,nan,SMED30021205,SMED30021205,SMED30021205,SMED30021205,SMESG000027320,0.0264467547622935
SMESG000009900,SMED30000492,ENST00000348831,ENSG00000197381,ENSP00000015877,ADARB1,ADARB1,ADARB1,ADARB1,SMESG000009900,0.0260755887086861
SMESG000004846,SMED30031842,ENST00000401393,ENSG00000128908,ENSP00000384686,INO80,INO80,INO80,INO80,SMESG000004846,0.0257674337171979
SMESG000056269,SMED30021056,ENST00000621312,ENSG00000275176,ENSP00000480031,ACACA,ACACA,ACACA,ACACA,SMESG000056269,0.0256493686501633
SMESG000021899,SMED30013336,nan,nan,nan,SMED30013336,SMED30013336,SMED30013336,SMED30013336,SMESG000021899,0.0245948574554539
SMESG000067624,SMED30028405,ENST00000410027,ENSG00000167131,ENSP00000386640,CCDC103,CCDC103,CCDC103,CCDC103,SMESG000067624,0.0238290783052821
SMESG000033660,SMED30027199,ENST00000287169,ENSG00000156599,ENSP00000287169,ZDHHC5,ZDHHC5,ZDHHC5,ZDHHC5,SMESG000033660,0.0236810201505923
SMESG000007855,SMED30022612,ENST00000354421,ENSG00000182919,ENSP00000346403,C11orf54,C11orf54,C11orf54,C11orf54,SMESG000007855,0.0230714574614023
SMESG000000801,SMED30001496,ENST00000380527,ENSG00000155876,ENSP00000369899,RRAGA,RRAGA,RRAGA,RRAGA,SMESG000000801,0.0224711514339478
SMESG000007211,SMED30010779,nan,nan,nan,SMED30010779,SMED30010779,SMED30010779,SMED30010779,SMESG000007211,0.0222632711356381
SMESG000002821,SMED30009878,ENST00000481038,ENSG00000125772,nan,GPCPD1,GPCPD1,GPCPD1,GPCPD1,SMESG000002821,0.0220418456413724
SMESG000016313,SMED30011592,nan,nan,nan,SMED30011592,SMED30011592,SMED30011592,SMED30011592,SMESG000016313,0.0220292115303934
SMESG000035238,SMED30019340,nan,nan,nan,SMED30019340,SMED30019340,SMED30019340,SMED30019340,SMESG000035238,0.0219568080964836
SMESG000074171,SMED30023581,nan,nan,nan,SMED30023581,SMED30023581,SMED30023581,SMED30023581,SMESG000074171,0.0218439780058505
SMESG000037092,SMED30002743,ENST00000618329,ENSG00000055163,ENSP00000484819,CYFIP2,CYFIP2,CYFIP2,CYFIP2-1,SMESG000037092,0.0213316930783559
SMESG000021450,SMED30017521,ENST00000471583,ENSG00000182185,ENSP00000418859,RAD51B,RAD51B,RAD51B,RAD51B,SMESG000021450,0.0212249207088035
SMESG000031473,SMED30026524,ENST00000376957,ENSG00000116649,ENSP00000366156,SRM,SRM,SRM,SRM,SMESG000031473,0.0211871864508373
SMESG000055720,SMED30001704,ENST00000371244,ENSG00000162409,ENSP00000360290,PRKAA2,PRKAA2,PRKAA2,PRKAA2,SMESG000055720,0.0209854683087405
SMESG000020799,SMED30013384,ENST00000219204,ENSG00000102931,ENSP00000219204,ARL2BP,ARL2BP,ARL2BP,ARL2BP,SMESG000020799,0.0209392210852884
SMESG000017885,SMED30035680,ENST00000409386,ENSG00000130559,ENSP00000386420,CAMSAP1,CAMSAP1,CAMSAP1,CAMSAP1,SMESG000017885,0.0208710564488679
SMESG000078604,SMED30014318,ENST00000538274,ENSG00000135709,ENSP00000446439,KIAA0513,KIAA0513,KIAA0513,KIAA0513,SMESG000078604,0.0208256142158345
SMESG000032658,SMED30001185,ENST00000570006,ENSG00000205084,ENSP00000455520,TMEM231,TMEM231,TMEM231,TMEM231,SMESG000032658,0.0201929498197747
SMESG000020957,SMED30022390,ENST00000381007,ENSG00000197860,ENSP00000370395,SGTB,SGTB,SGTB,SGTB,SMESG000020957,0.020131256587369
SMESG000028867,SMED30007708,ENST00000403490,ENSG00000177971,ENSP00000385217,IMP3,IMP3,IMP3,IMP3,SMESG000028867,0.0200045320685801
SMESG000016734,SMED30027606,ENST00000537686,ENSG00000125447,ENSP00000438085,GGA3,GGA3,GGA3,GGA3,SMESG000016734,0.0196700275227354
SMESG000014613,SMED30026298,ENST00000394334,ENSG00000134602,ENSP00000377867,STK26,STK26,STK26,STK26,SMESG000014613,0.0196039333018778
SMESG000062507,SMED30020449,ENST00000649046,ENSG00000081479,ENSP00000496870,LRP2,LRP2,LRP2,LRP2,SMESG000062507,0.0193653769224506
SMESG000010175,SMED30021219,ENST00000381249,ENSG00000240857,ENSP00000370648,RDH14,RDH14,RDH14,RDH14,SMESG000010175,0.0193213479818706
SMESG000000546,SMED30011801,ENST00000239891,ENSG00000120697,ENSP00000239891,ALG5,ALG5,ALG5,ALG5,SMESG000000546,0.0188951304871781
SMESG000023294,SMED30000009,ENST00000155674,ENSG00000069998,ENSP00000155674,HDHD5,HDHD5,HDHD5,HDHD5,SMESG000023294,0.0188510797751803
SMESG000008119,SMED30020311,ENST00000366812,ENSG00000182827,ENSP00000355777,ACBD3,ACBD3,ACBD3,ACBD3,SMESG000008119,0.0180374453201967
SMESG000076918,SMED30003569,nan,nan,nan,SMED30003569,SMED30003569,SMED30003569,SMED30003569,SMESG000076918,0.017874276489385
SMESG000015183,SMED30019374,ENST00000671876,ENSG00000173214,ENSP00000500934,MFSD4B,MFSD4B,MFSD4B,MFSD4B,SMESG000015183,0.0178272112587042
SMESG000070312,SMED30003907,ENST00000371968,ENSG00000182508,ENSP00000361036,LHFPL1,LHFPL1,LHFPL1,LHFPL1,SMESG000070312,0.0176344713054381
SMESG000035898,SMED30010294,ENST00000361573,ENSG00000197818,ENSP00000354966,SLC9A8,SLC9A8,slc9a-5,slc9a-5,SMESG000035898,0.0175174119993317
SMESG000065299,SMED30006490,ENST00000611678,ENSG00000059915,ENSP00000481250,PSD,PSD,PSD,PSD,SMESG000065299,0.0173382916093836
SMESG000004135,SMED30031888,ENST00000649983,ENSG00000138709,ENSP00000497192,LARP1B,LARP1B,LARP1B,LARP1B,SMESG000004135,0.0169208847665538
SMESG000043909,SMED30029410,ENST00000645317,ENSG00000284792,ENSP00000495622,PTEN,nan,PTEN,PTEN,SMESG000043909,0.01683612843787
SMESG000018861,SMED30005026,ENST00000336767,ENSG00000113460,ENSP00000338862,BRIX1,BRIX1,BRIX1,BRIX1,SMESG000018861,0.0168149721352299
SMESG000037592,SMED30003050,ENST00000225538,ENSG00000108405,ENSP00000225538,P2RX1,P2RX1,P2RX1,P2RX1,SMESG000037592,0.0166024280692884
SMESG000035291,SMED30009232,ENST00000311180,ENSG00000174840,ENSP00000309142,PDE12,PDE12,PDE12,PDE12,SMESG000035291,0.0165370085130049
SMESG000066483,SMED30008001,nan,nan,nan,SMED30008001,SMED30008001,SMED30008001,SMED30008001,SMESG000066483,0.0161953027822426
SMESG000012673,SMED30032897,ENST00000332118,ENSG00000182934,ENSP00000328023,SRPRA,SRPRA,SRPRA,SRPRA,SMESG000012673,0.0159884781861938
SMESG000057299,SMED30033566,ENST00000648386,ENSG00000144711,ENSP00000498148,IQSEC1,IQSEC1,"IQ motif and Sec7 domain-1, partial","IQ motif and Sec7 domain-1, partial",SMESG000057299,0.0159545417439556
SMESG000016675,SMED30021851,ENST00000517405,ENSG00000147509,nan,RGS20,RGS20,RGS20,RGS20,SMESG000016675,0.0159464068533773
SMESG000068009,SMED30019700,ENST00000238561,ENSG00000063761,ENSP00000238561,ADCK1,ADCK1,ADCK1,ADCK1,SMESG000068009,0.01585697375453
SMESG000006696,SMED30035745,ENST00000399546,ENSG00000137948,ENSP00000387822,BRDT,BRDT,BRDT,BRDT,SMESG000006696,0.0155201961622514
SMESG000057969,SMED30032732,nan,nan,nan,SMED30032732,SMED30032732,SMED30032732,SMED30032732,SMESG000057969,0.015505991747364
SMESG000069809,SMED30004696,nan,nan,nan,SMED30004696,SMED30004696,SMED30004696,SMED30004696,SMESG000069809,0.0152685783370871
SMESG000078437,SMED30007217,nan,nan,nan,SMED30007217,SMED30007217,SMED30007217,SMED30007217,SMESG000078437,0.0146676905359767
SMESG000077915,SMED30014930,ENST00000325385,ENSG00000144535,ENSP00000315569,DIS3L2,DIS3L2,DIS3L2,DIS3L2,SMESG000077915,0.0146190960940862
SMESG000024375,SMED30022597,ENST00000396153,ENSG00000185104,ENSP00000379457,FAF1,FAF1,FAF1,FAF1,SMESG000024375,0.0144467255022013
SMESG000056668,SMED30015908,nan,nan,nan,SMED30015908,SMED30015908,SMED30015908,SMED30015908,SMESG000056668,0.0144071817776702
SMESG000035357,SMED30000788,nan,nan,nan,SMED30000788,SMED30000788,SMED30000788,SMED30000788,SMESG000035357,0.0143418576022251
SMESG000065727,SMED30035348,nan,nan,nan,SMED30035348,SMED30035348,SMED30035348,SMED30035348,SMESG000065727,0.0143374316893904
SMESG000016959,SMED30011114,ENST00000416547,ENSG00000177058,ENSP00000397429,SLC38A9,SLC38A9,slc38a-2,slc38a-2,SMESG000016959,0.0142286590785037
SMESG000014785,SMED30029026,ENST00000399408,ENSG00000103222,ENSP00000382340,ABCC1,ABCC1,ABCC1,ABCC1,SMESG000014785,0.0140795711935114
SMESG000074849,SMED30032254,ENST00000292314,ENSG00000160799,ENSP00000292314,CCDC12,CCDC12,CCDC12,CCDC12,SMESG000074849,0.0139401966055537
SMESG000011450,SMED30034639,ENST00000409074,ENSG00000256053,ENSP00000386485,COA8,COA8,COA8,COA8,SMESG000011450,0.0137734748875147
SMESG000016163,SMED30001852,ENST00000287097,ENSG00000156535,ENSP00000287097,CD109,CD109,CD109,CD109,SMESG000016163,0.0134859121857277
SMESG000022880,SMED30027562,nan,nan,nan,SMED30027562,SMED30027562,SMED30027562,SMED30027562,SMESG000022880,0.0132490833824955
SMESG000012480,SMED30020483,nan,nan,nan,SMED30020483,SMED30020483,SMED30020483,SMED30020483,SMESG000012480,0.0132489295973614
SMESG000055872,SMED30035956,nan,nan,nan,SMED30035956,SMED30035956,SMED30035956,SMED30035956,SMESG000055872,0.0130347125842664
SMESG000033712,SMED30023713,ENST00000672983,ENSG00000288121,ENSP00000499895,MDN1,MDN1,MDN1,MDN1,SMESG000033712,0.0126245330596119
SMESG000075064,SMED30011844,ENST00000278353,ENSG00000149084,ENSP00000278353,HSD17B12,HSD17B12,HSD17B12,HSD17B12-1,SMESG000075064,0.012584165820452
SMESG000008993,SMED30015710,ENST00000218075,ENSG00000101958,ENSP00000218075,GLRA2,GLRA2,GLRA2,GLRA2,SMESG000008993,0.0125114920844672
SMESG000068335,SMED30003741,ENST00000355849,ENSG00000131773,ENSP00000348108,KHDRBS3,KHDRBS3,KHDRBS3,KHDRBS3,SMESG000068335,0.0123006867639106
SMESG000012098,SMED30002686,ENST00000613466,ENSG00000164162,ENSP00000478501,ANAPC10,ANAPC10,ANAPC10,ANAPC10,SMESG000012098,0.0122474723982626
SMESG000001588,SMED30007717,nan,nan,nan,SMED30007717,SMED30007717,SMED30007717,SMED30007717,SMESG000001588,0.0119982362390089
SMESG000060465,SMED30028929,nan,nan,nan,SMED30028929,SMED30028929,SMED30028929,SMED30028929,SMESG000060465,0.0118531170135528
SMESG000068340,SMED30003960,ENST00000521644,ENSG00000147475,ENSP00000429621,ERLIN2,ERLIN2,ERLIN2,ERLIN2,SMESG000068340,0.0118514505255916
SMESG000036851,SMED30027684,nan,nan,nan,SMED30027684,SMED30027684,SMED30027684,SMED30027684,SMESG000036851,0.0117639536866468
SMESG000011534,SMED30023618,nan,nan,nan,SMED30023618,SMED30023618,SMED30023618,SMED30023618,SMESG000011534,0.0115968607673399
SMESG000058865,SMED30008104,nan,nan,nan,SMED30008104,SMED30008104,SMED30008104,SMED30008104,SMESG000058865,0.0114947442595784
SMESG000018504,SMED30033924,ENST00000318222,ENSG00000107593,ENSP00000325296,PKD2L1,PKD2L1,PKD2L-2,PKD2L-2,SMESG000018504,0.011447059184282
SMESG000076098,SMED30026660,ENST00000264670,ENSG00000037474,ENSP00000264670,NSUN2,NSUN2,NSUN2,NSUN2,SMESG000076098,0.011353610949409
SMESG000018128,SMED30003163,ENST00000651476,ENSG00000126088,ENSP00000498668,UROD,UROD,UROD,UROD,SMESG000018128,0.0113027219690942
SMESG000036512,SMED30002880,ENST00000039989,ENSG00000052841,ENSP00000039989,TTC17,TTC17,TTC17,TTC17,SMESG000036512,0.011254480373439
SMESG000064712,SMED30018550,ENST00000644208,ENSG00000148019,ENSP00000493600,CEP78,CEP78,"CEP78, partial","CEP78, partial",SMESG000064712,0.0111047299159059
SMESG000041125,SMED30016558,nan,nan,nan,SMED30016558,SMED30016558,SMED30016558,SMED30016558,SMESG000041125,0.0108314103934218
SMESG000061041,SMED30022688,ENST00000215882,ENSG00000100075,ENSP00000215882,SLC25A1,SLC25A1,slc25a-5,slc25a-5,SMESG000061041,0.0108204513582901
SMESG000045143,SMED30004281,ENST00000312055,ENSG00000175216,ENSP00000310227,CKAP5,CKAP5,CKAP5,CKAP5,SMESG000045143,0.0108024018338678
SMESG000028127,SMED30016621,ENST00000356406,ENSG00000087008,ENSP00000348775,ACOX3,ACOX3,ACOX3,ACOX3-1,SMESG000028127,0.0104093419451622
SMESG000046729,SMED30005825,ENST00000643471,ENSG00000187848,ENSP00000494644,P2RX2,P2RX2,P2RX2,P2RX2,SMESG000046729,0.0101720840786263
SMESG000037478,SMED30014066,ENST00000412791,ENSG00000155463,ENSP00000387601,OXA1L,OXA1L,OXA1L,OXA1L-2,SMESG000037478,0.00964942675033544
SMESG000039324,SMED30022260,ENST00000500777,ENSG00000138674,ENSP00000421464,SEC31A,SEC31L1,SEC31A,SEC31A,SMESG000039324,0.00946132272099097
SMESG000035028,SMED30004751,ENST00000230461,ENSG00000112697,ENSP00000230461,TMEM30A,TMEM30A,TMEM30A,TMEM30A-2,SMESG000035028,0.00938754120245688
SMESG000065235,SMED30011344,ENST00000294258,ENSG00000162300,ENSP00000294258,ZFPL1,ZFPL1,ZFPL1,ZFPL1,SMESG000065235,0.00901592434127439
SMESG000046116,SMED30026236,nan,nan,nan,SMED30026236,SMED30026236,SMED30026236,SMED30026236,SMESG000046116,0.00890660193718308
SMESG000029689,SMED30033189,ENST00000296402,ENSG00000145349,ENSP00000296402,CAMK2D,CAMK2D,CAMK2D,CAMK2D-2,SMESG000029689,0.00885967039555867
SMESG000002573,SMED30034379,nan,nan,nan,SMED30034379,SMED30034379,SMED30034379,SMED30034379,SMESG000002573,0.00880260286298081
SMESG000022913,SMED30025543,ENST00000376300,ENSG00000125633,ENSP00000365477,CCDC93,CCDC93,CCDC93,CCDC93,SMESG000022913,0.00829810400995577
SMESG000032321,SMED30034315,ENST00000372798,ENSG00000131236,ENSP00000361884,CAP1,CAP1,CAP1,CAP1,SMESG000032321,0.00823422128108977
SMESG000078078,SMED30032432,ENST00000321442,ENSG00000164466,ENSP00000316905,SFXN1,SFXN1,SFXN1,SFXN1,SMESG000078078,0.00797142057756167
SMESG000052528,SMED30020746,ENST00000451047,ENSG00000146205,ENSP00000403625,ANO7,ANO7,ANO7,ANO7-3,SMESG000052528,0.00773512741829218
SMESG000052485,SMED30003434,nan,nan,nan,SMED30003434,SMED30003434,SMED30003434,SMED30003434,SMESG000052485,0.00766903602482274
SMESG000064937,SMED30032785,nan,nan,nan,SMED30032785,nan,SMED30032785,SMED30032785,SMESG000064937,0.00766761683220421
SMESG000031677,SMED30012448,nan,nan,nan,SMED30012448,SMED30012448,SMED30012448,SMED30012448,SMESG000031677,0.00758377695937438
SMESG000044458,SMED30013581,ENST00000258042,ENSG00000135577,ENSP00000258042,NMBR,NMBR,GCR060,GCR060,SMESG000044458,0.00755157489494983
SMESG000014486,SMED30023496,nan,nan,nan,SMED30023496,SMED30023496,SMED30023496,SMED30023496,SMESG000014486,0.00742357894829619
SMESG000046775,SMED30000119,nan,nan,nan,SMED30000119,SMED30000119,SMED30000119,SMED30000119,SMESG000046775,0.00739511400314603
SMESG000011703,SMED30027410,nan,nan,nan,SMED30027410,SMED30027410,SMED30027410,SMED30027410,SMESG000011703,0.00728548330378389
SMESG000056019,SMED30026172,ENST00000261646,ENSG00000072310,ENSP00000261646,SREBF1,SREBF1,"srebp protein, partial","srebp protein, partial",SMESG000056019,0.00713734352197282
SMESG000077010,SMED30023251,ENST00000372935,ENSG00000188917,ENSP00000362026,TRMT2B,TRMT2B,TRMT2B,TRMT2B,SMESG000077010,0.00712651616648559
SMESG000037245,SMED30021414,ENST00000328459,ENSG00000165914,ENSP00000336127,TTC7B,TTC7B,TTC7B,TTC7B,SMESG000037245,0.00712526626889966
SMESG000019633,SMED30019290,ENST00000462990,ENSG00000105568,ENSP00000470504,PPP2R1A,PPP2R1A,PPP2R1A,PPP2R1A-1,SMESG000019633,0.00709739380793044
SMESG000044438,SMED30002875,nan,nan,nan,SMED30002875,SMED30002875,SMED30002875,SMED30002875,SMESG000044438,0.00704396112382979
SMESG000076743,SMED30012485,ENST00000531154,ENSG00000086848,ENSP00000435517,ALG9,ALG9,ALG9,ALG9,SMESG000076743,0.00703149621930868
SMESG000042484,SMED30013492,ENST00000628983,ENSG00000281766,ENSP00000486012,SMED30013492,nan,SMED30013492,SMED30013492,SMESG000042484,0.00687703358273885
SMESG000067402,SMED30003153,nan,nan,nan,SMED30003153,SMED30003153,SMED30003153,SMED30003153,SMESG000067402,0.00685399400656978
SMESG000047665,SMED30023551,nan,nan,nan,SMED30023551,SMED30023551,SMED30023551,SMED30023551,SMESG000047665,0.00682952863803981
SMESG000033549,SMED30013795,ENST00000388738,ENSG00000138688,ENSP00000373390,KIAA1109,KIAA1109,KIAA1109,KIAA1109,SMESG000033549,0.00678512692651785
SMESG000056086,SMED30028677,ENST00000394456,ENSG00000125651,ENSP00000377969,GTF2F1,GTF2F1,"general transcription factor IIF 1, partial","general transcription factor IIF 1, partial",SMESG000056086,0.00674606221423604
SMESG000034890,SMED30022364,ENST00000396105,ENSG00000124201,ENSP00000379412,ZNFX1,ZNFX1,ZNFX1,ZNFX1-3,SMESG000034890,0.0066838955175493
SMESG000056367,SMED30016397,ENST00000453444,ENSG00000138162,ENSP00000395048,TACC2,TACC2,TACC2,TACC2,SMESG000056367,0.00641326814290329
SMESG000044320,SMED30022313,nan,nan,nan,SMED30022313,SMED30022313,SMED30022313,SMED30022313,SMESG000044320,0.00602163962168294
SMESG000066347,SMED30015915,ENST00000556760,ENSG00000087302,ENSP00000451715,RTRAF,C14orf166,RTRAF,RTRAF,SMESG000066347,0.00560085013834916
SMESG000010552,SMED30014491,ENST00000342456,ENSG00000006534,ENSP00000473990,ALDH3B1,ALDH3B1,ALDH3B1,ALDH3B1,SMESG000010552,0.00542833454058682
SMESG000040122,SMED30001140,ENST00000366932,ENSG00000067533,ENSP00000355899,RRP15,RRP15,RRP15,RRP15,SMESG000040122,0.00534937630403382
SMESG000016699,SMED30013750,nan,nan,nan,SMED30013750,SMED30013750,SMED30013750,SMED30013750,SMESG000016699,0.00532371461950542
SMESG000016400,SMED30003949,ENST00000265986,ENSG00000119912,ENSP00000265986,IDE,IDE,IDE,IDE,SMESG000016400,0.00531683641114281
SMESG000005969,SMED30030773,ENST00000225792,ENSG00000108654,ENSP00000225792,DDX5,DDX5,DDX5,DDX5,SMESG000005969,0.00518185683525368
SMESG000016199,SMED30010653,ENST00000307921,ENSG00000065457,ENSP00000310015,ADAT1,ADAT1,ADAT1,ADAT1,SMESG000016199,0.00513089175704588
SMESG000081136,SMED30033595,ENST00000497473,ENSG00000134330,ENSP00000417580,IAH1,IAH1,IAH1,IAH1,SMESG000081136,0.00505583020734064
SMESG000072085,SMED30013002,ENST00000216181,ENSG00000100345,ENSP00000216181,MYH9,MYH9,MYH9,MYH9-2,SMESG000072085,0.00500160596823385
SMESG000001579,SMED30025920,ENST00000389501,ENSG00000135632,ENSP00000374152,SMYD5,SMYD5,SMYD5,SMYD5,SMESG000001579,0.00499984341783777
SMESG000009582,SMED30029855,ENST00000337970,ENSG00000169813,ENSP00000338477,HNRNPF,HNRNPF,"guanine-rich sequence binding factor 1-2, partial","guanine-rich sequence binding factor 1-2, partial",SMESG000009582,0.00496224990398199
SMESG000060582,SMED30007389,ENST00000378166,ENSG00000147044,ENSP00000367408,CASK,CASK,CASK,CASK-1,SMESG000060582,0.00493330047527876
SMESG000009143,SMED30019619,nan,nan,nan,SMED30019619,SMED30019619,hypothetical protein 9223,hypothetical protein 9223,SMESG000009143,0.00487218963733879
SMESG000078416,SMED30007341,ENST00000539867,ENSG00000111490,ENSP00000440207,TBC1D30,TBC1D30,TBC1D30,TBC1D30,SMESG000078416,0.00470740760616639
SMESG000043324,SMED30018085,nan,nan,nan,SMED30018085,SMED30018085,SMED30018085,SMED30018085,SMESG000043324,0.00469448385583103
SMESG000014112,SMED30010358,nan,nan,nan,SMED30010358,SMED30010358,SMED30010358,SMED30010358,SMESG000014112,0.00463395523620337
SMESG000012611,SMED30026229,nan,nan,nan,SMED30026229,SMED30026229,SMED30026229,SMED30026229,SMESG000012611,0.00461648627739198
SMESG000041534,SMED30027753,ENST00000374115,ENSG00000187714,ENSP00000363229,SLC18A3,SLC18A3,SLC18A3,SLC18A3,SMESG000041534,0.00452763403474879
SMESG000072400,SMED30001458,ENST00000610966,ENSG00000166111,ENSP00000479104,SVOP,SVOP,SVOP,SVOP-3,SMESG000072400,0.00448297459474948
SMESG000022823,SMED30032949,nan,nan,nan,SMED30032949,SMED30032949,SMED30032949,SMED30032949,SMESG000022823,0.00439469474097616
SMESG000072041,SMED30027435,ENST00000447513,ENSG00000157911,ENSP00000407922,PEX10,PEX10,PEX10,PEX10,SMESG000072041,0.00429759070640455
SMESG000043687,SMED30004082,ENST00000216121,ENSG00000184117,ENSP00000216121,NIPSNAP1,NIPSNAP1,NIPSNAP1,NIPSNAP1,SMESG000043687,0.00424580132463358
SMESG000036645,SMED30008543,ENST00000619735,ENSG00000100109,ENSP00000480171,TFIP11,TFIP11,TFIP11,TFIP11,SMESG000036645,0.00403341559552609
SMESG000005882,SMED30019039,ENST00000354870,ENSG00000168487,ENSP00000346941,BMP1,BMP1,BMP1,BMP1-1,SMESG000005882,0.00398958594249714
SMESG000038602,SMED30008568,ENST00000644881,ENSG00000197102,ENSP00000495022,DYNC1H1,DYNC1H1,DYNC1H1,DYNC1H1,SMESG000038602,0.00386636295300846
SMESG000025423,SMED30033977,ENST00000254958,ENSG00000101384,ENSP00000254958,JAG1,JAG1,JAG1,JAG1,SMESG000025423,0.00385316089251502
SMESG000000125,SMED30009001,nan,nan,nan,SMED30009001,SMED30009001,SMED30009001,SMED30009001,SMESG000000125,0.00380405878324644
SMESG000006246,SMED30019300,ENST00000643934,ENSG00000094631,ENSP00000494503,HDAC6,HDAC6,HDAC6,HDAC6,SMESG000006246,0.00371975589669264
SMESG000054424,SMED30029604,ENST00000555872,ENSG00000140025,ENSP00000452320,EFCAB11,EFCAB11,EFCAB11,EFCAB11,SMESG000054424,0.00371244772602791
SMESG000066485,SMED30028311,ENST00000615901,ENSG00000115306,ENSP00000479037,SPTBN1,SPTBN1,SPTBN1,SPTBN1-4,SMESG000066485,0.00366495880654011
SMESG000019325,SMED30028928,ENST00000263187,ENSG00000057468,ENSP00000263187,MSH4,MSH4,MSH4,MSH4,SMESG000019325,0.00358741953043937
SMESG000026676,SMED30019849,ENST00000638705,ENSG00000087258,ENSP00000491223,GNAO1,GNAO1,GNAO1,GNAO1,SMESG000026676,0.00354294079544067
SMESG000080177,SMED30004846,ENST00000277895,ENSG00000099204,ENSP00000277895,ABLIM1,ABLIM1,ABLIM1,ABLIM1,SMESG000080177,0.00354148368809831
SMESG000065171,SMED30029238,ENST00000367434,ENSG00000162630,ENSP00000356404,B3GALT2,B3GALT2,B3GALT2,B3GALT2,SMESG000065171,0.00333828481512046
SMESG000032005,SMED30010384,ENST00000395840,ENSG00000101146,ENSP00000379181,RAE1,RAE1,RAE1,RAE1,SMESG000032005,0.00325968946354779
SMESG000065719,SMED30017406,nan,nan,nan,SMED30017406,SMED30017406,SMED30017406,SMED30017406,SMESG000065719,0.00323734437324475
SMESG000011384,SMED30011189,ENST00000353617,ENSG00000164144,ENSP00000296557,ARFIP1,ARFIP1,ARFIP1,ARFIP1,SMESG000011384,0.00322507370844223
SMESG000021348,SMED30023117,ENST00000218364,ENSG00000102241,ENSP00000218364,HTATSF1,HTATSF1,HTATSF1,HTATSF1,SMESG000021348,0.00318959866367574
SMESG000002162,SMED30018210,nan,nan,nan,SMED30018210,SMED30018210,SMED30018210,SMED30018210,SMESG000002162,0.00308445206053388
SMESG000045051,SMED30035374,ENST00000648807,ENSG00000117593,ENSP00000497472,DARS2,DARS2,DARS2,DARS2,SMESG000045051,0.00304912906145824
SMESG000048318,SMED30023642,nan,nan,nan,SMED30023642,SMED30023642,SMED30023642,SMED30023642,SMESG000048318,0.00294563952315415
SMESG000056106,SMED30013618,ENST00000368467,ENSG00000163344,ENSP00000357452,PMVK,PMVK,PMVK,PMVK,SMESG000056106,0.00292526732398016
SMESG000068996,SMED30011347,ENST00000558406,ENSG00000181991,nan,MRPS11,MRPS11,MRPS11,MRPS11,SMESG000068996,0.00289727607823066
SMESG000023274,SMED30033719,ENST00000286548,ENSG00000156052,ENSP00000286548,GNAQ,GNAQ,GNAQ,GNAQ-1,SMESG000023274,0.00281468391151809
SMESG000036845,SMED30023834,ENST00000370032,ENSG00000162639,ENSP00000359049,HENMT1,HENMT1,HENMT1,HENMT1,SMESG000036845,0.00272318510175728
SMESG000072483,SMED30005802,nan,nan,nan,SMED30005802,SMED30005802,SMED30005802,SMED30005802,SMESG000072483,0.00270177985531452
SMESG000003471,SMED30024147,ENST00000371717,ENSG00000165688,ENSP00000360782,PMPCA,PMPCA,PMPCA,PMPCA,SMESG000003471,0.0026954166869393
SMESG000035153,SMED30012583,ENST00000505755,ENSG00000143437,ENSP00000427571,ARNT,ARNT,"arnt protein, partial","arnt protein, partial",SMESG000035153,0.00268657879104685
SMESG000055380,SMED30005207,ENST00000450689,ENSG00000164659,ENSP00000413445,ELAPOR2,ELAPOR2,ELAPOR2,ELAPOR2,SMESG000055380,0.00262504702160265
SMESG000068165,SMED30018236,ENST00000392783,ENSG00000123636,ENSP00000376534,BAZ2B,BAZ2B,BAZ2B,BAZ2B,SMESG000068165,0.00257975887221576
SMESG000060703,SMED30002635,ENST00000381685,ENSG00000115761,ENSP00000371101,NOL10,NOL10,NOL10,NOL10,SMESG000060703,0.00254915216385456
SMESG000009946,SMED30012850,ENST00000576479,ENSG00000262655,ENSP00000460236,SPON1,SPON1,"F-spondin, partial","F-spondin, partial",SMESG000009946,0.00241719739695694
SMESG000016115,SMED30017367,ENST00000439220,ENSG00000103653,ENSP00000414764,CSK,CSK,CSK,CSK-1,SMESG000016115,0.00236044013006338
SMESG000052530,SMED30025862,ENST00000283033,ENSG00000153066,ENSP00000283033,TXNDC11,TXNDC11,TXNDC11,TXNDC11,SMESG000052530,0.00233889547483078
SMESG000012909,SMED30004335,ENST00000485962,ENSG00000100359,nan,SGSM3,SGSM3,SGSM3,SGSM3,SMESG000012909,0.00226941189793016
SMESG000043383,SMED30008645,ENST00000427482,ENSG00000140600,ENSP00000391372,SH3GL3,SH3GL3,SH3GL3,SH3GL3,SMESG000043383,0.00219705510970904
SMESG000030180,SMED30027168,ENST00000372062,ENSG00000160271,ENSP00000361132,RALGDS,RALGDS,RALGDS,RALGDS,SMESG000030180,0.00215565133570031
SMESG000009709,SMED30000613,ENST00000367833,ENSG00000143155,ENSP00000356807,TIPRL,TIPRL,TIPRL,TIPRL,SMESG000009709,0.00212811995092027
SMESG000027581,SMED30014417,nan,nan,nan,SMED30014417,SMED30014417,SMED30014417,SMED30014417,SMESG000027581,0.00209805854274674
SMESG000022973,SMED30021812,ENST00000357182,ENSG00000163867,ENSP00000349708,ZMYM6,ZMYM6,ZMYM6,ZMYM6-4,SMESG000022973,0.00196698348486102
SMESG000048372,SMED30026237,ENST00000503292,ENSG00000048342,ENSP00000421809,CC2D2A,CC2D2A,CC2D2A,CC2D2A,SMESG000048372,0.00192464304239361
SMESG000071791,SMED30020988,ENST00000312916,ENSG00000164252,ENSP00000316109,AGGF1,AGGF1,AGGF1,AGGF1,SMESG000071791,0.00189873759542401
SMESG000038798,SMED30033600,ENST00000264156,ENSG00000076003,ENSP00000264156,MCM6,MCM6,MCM6,MCM6,SMESG000038798,0.00184957930138981
SMESG000055404,SMED30004202,ENST00000252744,ENSG00000130449,ENSP00000252744,ZSWIM6,ZSWIM6,ZSWIM6,ZSWIM6,SMESG000055404,0.00171459081743657
SMESG000076415,SMED30019733,ENST00000648359,ENSG00000102452,ENSP00000497465,NALCN,NALCN,NALCN,NALCN,SMESG000076415,0.00158647568926955
SMESG000081425,SMED30034657,ENST00000374338,ENSG00000157978,ENSP00000363458,LDLRAP1,LDLRAP1,LDLRAP1,LDLRAP1,SMESG000081425,0.00158184280218502
SMESG000055616,SMED30001987,ENST00000256383,ENSG00000134001,ENSP00000256383,EIF2S1,EIF2S1,EIF2S1,EIF2S1-1,SMESG000055616,0.00142296347516728
SMESG000046092,SMED30016076,ENST00000310613,ENSG00000173597,ENSP00000308770,SULT1B1,SULT1B1,SULT1B1,SULT1B1,SMESG000046092,0.00141011302797697
SMESG000023267,SMED30020379,ENST00000367658,ENSG00000112406,ENSP00000356630,HECA,HECA,HECA,HECA,SMESG000023267,0.00138195684279508
SMESG000074324,SMED30032842,ENST00000495673,ENSG00000119801,nan,YPEL5,YPEL5,YPEL5,YPEL5,SMESG000074324,0.00127791860791378
SMESG000066593,SMED30003359,ENST00000405676,ENSG00000219682,nan,SMED30003359,nan,"nucleoporin 50 kDa, partial","nucleoporin 50 kDa, partial",SMESG000066593,0.00120185972463665
SMESG000060689,SMED30019040,ENST00000222982,ENSG00000106258,ENSP00000222982,CYP3A5,CYP3A5,CYP3A5,CYP3A5,SMESG000060689,0.00118791555053013
SMESG000078287,SMED30015192,ENST00000373383,ENSG00000094841,ENSP00000362481,UPRT,RP11-311P8.3,UPRT,UPRT,SMESG000078287,0.00109581688979986
SMESG000027829,SMED30030286,ENST00000325318,ENSG00000213123,ENSP00000324323,DYNLT2B,DYNLT2B,DYNLT2B,DYNLT2B,SMESG000027829,0.00107946049450427
SMESG000066864,SMED30025018,ENST00000308360,ENSG00000087111,ENSP00000309430,PIGS,PIGS,PIGS,PIGS,SMESG000066864,0.00107686527206098
SMESG000031515,SMED30024038,ENST00000392062,ENSG00000144468,ENSP00000375914,RHBDD1,RHBDD1,RHBDD1,RHBDD1,SMESG000031515,0.00102472933651799
SMESG000076347,SMED30018952,nan,nan,nan,SMED30018952,SMED30018952,SMED30018952,SMED30018952,SMESG000076347,0.00101523972671551
SMESG000053106,SMED30001946,nan,nan,nan,SMED30001946,SMED30001946,SMED30001946,SMED30001946,SMESG000053106,0.00101021698843913
SMESG000049530,SMED30000943,nan,nan,nan,SMED30000943,SMED30000943,SMED30000943,SMED30000943,SMESG000049530,0.000989136189569525
SMESG000077704,SMED30035302,ENST00000274576,ENSG00000145888,ENSP00000274576,GLRA1,GLRA1,GLRA1,GLRA1-2,SMESG000077704,0.000893823035327749
SMESG000032430,SMED30021505,ENST00000332821,ENSG00000057149,ENSP00000329498,SERPINB3,SERPINB3,SERPINB3,SERPINB3-2,SMESG000032430,0.000782214755079174
SMESG000049734,SMED30002103,nan,nan,nan,SMED30002103,SMED30002103,SMED30002103,SMED30002103,SMESG000049734,0.00072614824396488
SMESG000061206,SMED30005291,ENST00000296464,ENSG00000164070,ENSP00000296464,HSPA4L,HSPA4L,HSPA4L,HSPA4L,SMESG000061206,0.000725974374949124
SMESG000037094,SMED30035389,ENST00000368073,ENSG00000132716,ENSP00000357052,DCAF8,DCAF8,DCAF8,DCAF8,SMESG000037094,0.000650889463404498
SMESG000025086,SMED30026299,nan,nan,nan,SMED30026299,SMED30026299,SMED30026299,SMED30026299,SMESG000025086,0.000639593433771479
SMESG000010972,SMED30023086,ENST00000374017,ENSG00000124562,ENSP00000363129,SNRPC,SNRPC,SNRPC,SNRPC-1,SMESG000010972,0.000571686185509364
SMESG000010767,SMED30034451,ENST00000341871,ENSG00000187824,ENSP00000339830,TMEM220,TMEM220,TMEM220,TMEM220,SMESG000010767,0.00050638502861041
SMESG000017675,SMED30030481,nan,nan,nan,SMED30030481,nan,SMED30030481,SMED30030481,SMESG000017675,0.000498767719768472
SMESG000024266,SMED30028462,nan,nan,nan,SMED30028462,SMED30028462,SMED30028462,SMED30028462,SMESG000024266,0.000492796884211272
SMESG000023933,SMED30023115,ENST00000334571,ENSG00000119723,ENSP00000333946,COQ6,COQ6,COQ6,COQ6,SMESG000023933,0.000480248783448305
SMESG000036167,SMED30023189,ENST00000368644,ENSG00000108010,ENSP00000357633,GLRX3,GLRX3,GLRX3,GLRX3,SMESG000036167,0.000420562069234973
SMESG000050717,SMED30031878,ENST00000451944,ENSG00000145088,ENSP00000410708,EAF2,EAF2,EAF2,EAF2,SMESG000050717,0.000365566447390431
SMESG000049952,SMED30018286,nan,nan,nan,SMED30018286,SMED30018286,SMED30018286,SMED30018286,SMESG000049952,0.000337993567415457
SMESG000073490,SMED30002203,nan,nan,nan,SMED30002203,SMED30002203,SMED30002203,SMED30002203,SMESG000073490,0.000320802157581435
SMESG000008760,SMED30033801,nan,nan,nan,SMED30033801,SMED30033801,SMED30033801,SMED30033801,SMESG000008760,0.000263821645906791
SMESG000022429,SMED30007699,ENST00000367156,ENSG00000162873,ENSP00000356124,KLHDC8A,KLHDC8A,KLHDC8A,KLHDC8A,SMESG000022429,0.000263724680110946
SMESG000077410,SMED30008943,ENST00000306014,ENSG00000123064,ENSP00000304072,DDX54,DDX54,DDX54,DDX54,SMESG000077410,0.000206837123746366
SMESG000006139,SMED30020702,nan,nan,nan,SMED30020702,SMED30020702,SMED30020702,SMED30020702,SMESG000006139,0.000166234531385584
SMESG000039010,SMED30028128,ENST00000351842,ENSG00000114316,ENSP00000341028,USP4,USP4,USP4,USP4,SMESG000039010,0.000150401624066894
SMESG000045122,SMED30025145,ENST00000318066,ENSG00000177889,ENSP00000316176,UBE2N,UBE2N,UBE2N,UBE2N,SMESG000045122,0.000145628941797522
SMESG000037135,SMED30008057,ENST00000295797,ENSG00000163558,ENSP00000295797,PRKCI,PRKCI,PRKCI,PRKCI,SMESG000037135,0.000129486918584873
SMESG000000985,SMED30009455,ENST00000417647,ENSG00000113141,ENSP00000396301,IK,IK,IK,IK,SMESG000000985,0.000126937317073646
SMESG000025428,SMED30018429,nan,nan,nan,SMED30018429,SMED30018429,SMED30018429,SMED30018429,SMESG000025428,0.000124147684853895
SMESG000077887,SMED30010182,nan,nan,nan,SMED30010182,SMED30010182,SMED30010182,SMED30010182,SMESG000077887,8.62156618673298e-05
SMESG000027149,SMED30008172,ENST00000392745,ENSG00000131323,ENSP00000376500,TRAF3,TRAF3,TRAF3,TRAF3-14,SMESG000027149,8.51861175645274e-05
SMESG000050623,SMED30000470,ENST00000343666,ENSG00000187713,ENSP00000375053,TMEM203,TMEM203,TMEM203,TMEM203,SMESG000050623,4.65996471315527e-05
SMESG000058675,SMED30001856,nan,nan,nan,SMED30001856,SMED30001856,SMED30001856,SMED30001856,SMESG000058675,4.40066226196032e-05
SMESG000037098,SMED30031006,ENST00000672681,ENSG00000117598,ENSP00000500930,PLPPR5,PLPPR5,PLPPR5,PLPPR5,SMESG000037098,4.08333597252563e-05
SMESG000004792,SMED30022613,ENST00000543879,ENSG00000021776,ENSP00000445700,AQR,AQR,AQR,AQR,SMESG000004792,3.34874693200164e-05
SMESG000075125,SMED30005144,ENST00000309922,ENSG00000174173,ENSP00000312356,TRMT10C,TRMT10C,TRMT10C,TRMT10C-1,SMESG000075125,2.97252578903894e-05
SMESG000030472,SMED30023008,nan,nan,nan,SMED30023008,SMED30023008,SMED30023008,SMED30023008,SMESG000030472,2.81105304527183e-05
SMESG000000294,SMED30027083,nan,nan,nan,SMED30027083,SMED30027083,SMED30027083,SMED30027083,SMESG000000294,2.41218848863529e-05
SMESG000045452,SMED30020019,nan,nan,nan,SMED30020019,SMED30020019,SMED30020019,SMED30020019,SMESG000045452,1.57795250939102e-05
SMESG000047630,SMED30035804,ENST00000509731,ENSG00000113407,ENSP00000427304,TARS1,TARS1,TARS1,TARS1,SMESG000047630,1.19764035728892e-05
